"IRF9","FHL1","PTPN11","AOX1","BCL2L1","PTPN2","MCL1","GRB2","PTPN6","CISH","IL24","RAF1","SOCS4","CREBBP","PIAS3","CDKN1A","PIK3CA","JAK1","GFAP","SOS1"
5.6735385,4.7232896,5.6818628,3.433433,4.793162667,6.700879333,6.1451594,8.433955,5.195055,4.54989,3.063783,6.614108,3.570717,5.9822335,5.364773,4.340704,6.342462,7.391471,2.794509,6.1741855
6.5096865,6.0220538,5.6337818,3.44018,4.535979667,6.407511333,6.4988432,8.511624,7.359568,4.925338,2.831038,6.329078,3.365034,5.029726,4.998417,6.70266,6.798257,9.161624,2.917108,7.070742
6.8321965,6.7291416,5.5059898,3.4409325,4.332922,6.605494667,6.4661668,7.613174,5.904799,4.191295,2.878379,6.998126,2.995796,5.1116765,4.888205,5.770788,6.178355,8.843384,2.897527,6.315784
5.656936,5.6783682,6.0446428,3.243941,4.835019667,5.929633667,7.3323458,7.533223,7.481246,4.482231,3.030712,6.996449,3.178484,5.844168,5.015006,6.077697,5.823759,8.570301,3.539945,5.963422
5.8642375,4.8685452,4.9290918,3.73786,4.913043667,5.627892333,5.6289982,7.700382,5.573694,4.091225,3.410211,7.216757,2.897734,5.109397,5.020791,6.166553,5.603311,8.564136,3.329954,4.925983
5.6383845,5.1696448,6.1830398,3.31155,4.874497,6.082439667,6.7669188,7.27826,6.355799,4.388074,2.941584,7.00149,2.893941,5.167489,6.534733,8.475726,6.081821,8.94588,4.732778,4.9272065
7.174394,3.9670546,5.7498022,4.104644,3.702266667,6.075915,6.3578606,7.278262,5.648205,4.5179,3.034016,6.950247,2.916241,5.641801,6.806082,5.656683,5.898464,8.500906,2.611484,5.6720255
5.062139,4.8536614,5.5497,6.017478,4.194490667,6.690852,6.7069574,7.445826,5.601254,6.810026,2.953506,6.983842,2.859815,5.717362,6.221403,4.667666,6.920259,9.177252,2.876643,5.9435
6.845169,5.444205,5.4980494,3.4438015,5.150056667,6.735852333,6.2872786,8.57369,5.98456,3.6801,3.315829,7.117572,3.314437,5.616195,5.080387,6.378519,6.149567,8.402212,2.67635,7.6904085
7.4107715,5.87051,5.0942698,3.532079,5.026833667,6.603403667,6.5899322,8.114547,5.794542,4.070559,3.221766,6.586596,3.357701,5.422509,5.640317,5.438462,4.627492,8.223805,2.862242,5.078172
6.444383,5.6311428,4.9500944,3.502344,4.568317,6.159949667,6.5628504,8.074877,6.629112,3.944751,3.11372,6.687658,2.913367,5.227253,5.896393,6.264647,6.659115,8.470732,3.002552,6.6078175
6.2347525,5.2776386,5.939085,5.046964,4.416423667,6.442345667,6.054838,7.57511,6.632393,4.5241,3.424317,6.726888,3.292211,6.0943455,6.028749,5.169398,4.907317,7.475792,3.197088,5.6886505
5.5600535,4.776415,5.8188348,3.630935,4.226200333,6.128506,6.2317968,7.764221,6.290787,5.248273,2.828658,6.987177,3.275771,4.692805,4.744198,5.826625,7.487825,9.174873,2.852999,5.9593545
6.2645355,5.4263424,5.3651704,3.2845505,4.633467,6.515196333,6.0559624,8.158083,5.968331,6.124597,2.896931,7.286671,3.378609,4.7455285,4.597735,5.296393,6.355193,7.993781,3.231384,5.8183845
7.0047175,5.9703968,5.9382696,3.2394,4.307322333,6.037843,6.2526852,7.463398,6.072584,4.307641,3.017451,7.360787,3.099015,4.3744895,5.805275,5.620082,6.537101,9.521956,2.839542,5.855655
6.0693665,4.9455216,5.5755816,3.316578,5.078657,6.055078667,6.334674,7.845564,6.481776,3.900081,3.124136,7.227294,3.281255,5.8647715,5.822314,4.370257,7.116996,7.929473,2.90298,6.25071
5.883449,4.527596,5.8239266,3.345324,5.830175667,5.582263333,6.15774,7.914277,5.824228,4.5966,2.98055,7.448809,3.282753,5.0487985,6.951391,7.094375,6.523956,8.879106,3.112158,6.4170045
6.0821795,4.9921312,5.1587742,7.534486,4.797319333,5.518840333,5.8707246,7.74812,5.808559,4.986868,2.809598,6.462628,3.26763,4.9489005,5.982446,5.948524,5.029799,8.437413,3.128281,5.7529525
6.164003,5.4076508,4.6272026,3.1665485,4.141573333,6.611150333,6.5533524,8.121705,6.677219,4.211611,3.09918,6.871459,3.047657,5.1950155,4.763701,4.636797,4.918905,7.747163,4.279565,5.751191
6.7519365,6.183116,5.971735,3.0887215,5.421754333,6.575153333,6.4010604,7.768951,5.834353,4.33867,2.917405,6.288618,2.993148,5.7577025,4.691505,5.750586,7.307286,8.464629,2.903984,6.4725555
5.9421995,4.0502172,6.7405616,3.336374,4.969830667,6.580560667,6.3870126,8.966972,6.880901,5.673985,3.545629,6.851459,3.631619,5.366502,5.425671,6.190873,5.858931,9.846667,2.915054,6.4388665
6.8642835,4.8434774,5.081198,3.8631925,4.740071333,5.805166,6.1772506,8.394702,6.579498,6.11948,2.989627,7.354064,3.074026,5.233606,5.900702,5.464134,6.108587,8.940728,3.147942,5.4976375
6.789164,4.319993,5.8082214,3.200435,4.715473333,6.301288,6.649146,8.462124,6.534721,5.685137,3.201,7.226927,3.170941,5.644784,7.128522,5.613594,7.137487,9.640375,2.890189,5.9708045
6.3170415,5.2561786,5.1924058,3.45295,4.817357333,6.300360333,5.6889954,7.616959,5.498599,4.94185,2.900674,7.006074,3.240738,5.5903295,5.550355,7.644042,5.484646,8.951741,3.0248,5.887478
6.427159,5.6660408,5.32377,3.271547,4.891264333,6.691018333,5.8781166,7.589913,6.281444,3.645296,3.010188,6.839831,2.907298,5.094468,6.404669,6.036873,5.935099,8.440645,2.752352,6.091121
6.0154715,3.8530172,5.3326386,3.7875755,4.829534,6.528355333,6.8615074,7.344372,7.139461,5.776463,3.010443,6.821063,2.895019,5.823844,6.477336,5.522796,6.669351,9.668325,3.110918,6.578891
6.5516445,6.4070436,5.4000856,3.4203475,4.638006333,6.562845333,5.923886,7.862146,7.292044,6.133196,3.395411,7.311401,3.057514,5.3982585,5.906813,5.712313,6.780238,8.391581,2.883177,5.861631
6.936025,4.8182886,5.6191344,4.003003,5.166143,5.939484,6.474304,7.790219,6.219892,4.130633,3.192158,6.841398,3.131413,5.0428795,5.48293,5.724604,5.88939,9.131585,2.96952,6.5402655
6.03197,4.9894172,5.6266248,3.597682,4.835048,6.730182333,6.4758086,7.62693,6.667444,5.798893,3.137644,6.63897,3.6501,5.3517985,5.63465,6.174869,5.357539,8.036919,3.18025,4.8160255
7.044742,5.5856168,5.2201696,3.2029905,4.716164,6.473769,8.122162,8.047589,6.669087,4.270489,3.57528,7.318083,2.903265,5.352353,5.737176,6.857763,7.64341,8.862846,2.845967,6.8984145
6.077921,4.5014172,5.5810614,3.839889,5.724567,6.438687,6.691371,8.019402,5.883895,5.736289,3.374669,6.991695,3.317536,5.3998865,6.313235,6.111811,5.576772,8.583878,3.161269,5.546795
5.7379415,6.2783644,5.6551918,3.4681035,4.300135333,6.735575667,6.4457652,8.14688,7.56097,4.303441,2.842517,5.798831,3.460256,6.2060525,5.631494,4.689265,6.734452,8.844274,3.103813,6.202394
7.012316,7.1025768,5.864929,3.4546915,5.303266,5.847759667,6.0713092,8.191427,6.552869,4.283224,3.01208,6.773232,3.157351,5.3546525,4.585628,5.819838,6.751821,9.252993,2.846251,6.003957
5.6209765,6.2561218,5.575347,3.4779225,6.253962333,6.774756667,5.7472906,8.296241,5.911439,4.686306,2.945446,7.39383,2.902735,5.5092265,4.923068,5.315361,6.474214,8.685861,2.823024,5.072923
5.923756,4.6766276,5.2792018,3.40398,4.341934667,6.755933333,6.4396722,9.012574,6.997521,4.700857,2.895764,5.907349,3.141079,5.1919835,4.850024,7.378772,6.255033,8.233325,2.915777,6.029874
6.325263,5.0783492,5.6111788,3.4397535,4.212068333,6.157964333,6.2541998,8.167378,5.600614,5.487476,2.824715,7.222518,3.074849,5.99222,5.822407,6.299421,6.446967,8.469352,3.362306,5.6580265
6.866598,4.6537754,5.1217956,3.0847415,5.006422,5.777231667,5.8606556,8.114124,7.145188,4.535642,2.859717,7.177892,3.473762,4.69799,5.495826,6.375301,6.205409,8.209567,3.03618,5.24789
6.1194985,7.3410804,5.8848038,3.9270145,5.170191,6.151942667,6.4317286,8.300064,6.565987,3.914057,2.908689,6.634486,3.070505,5.674056,5.400434,4.909817,7.052106,8.882995,7.397774,5.3767425
6.7051655,4.3426646,5.6245378,4.2495285,5.679661667,6.147819333,6.071039,7.475041,5.663282,4.794478,2.964931,6.812961,3.127176,5.785248,5.842736,6.043032,5.632931,7.936715,3.059021,5.9911475
6.2974825,7.2200214,5.5023838,6.620397,5.208289333,5.815714,5.8626694,8.065189,5.599872,4.167088,2.937294,7.857437,3.374919,4.792152,6.678609,5.974444,6.143219,8.212117,8.154439,5.397025
6.5723065,8.165498,5.429851,3.434349,3.772714,6.691413333,7.434016,8.632384,6.922896,4.171897,2.945779,7.168526,3.478053,5.607149,5.276655,6.449802,6.29794,8.643947,2.872902,7.506219
6.311102,4.8425692,4.9634796,3.217629,4.681926,6.017079667,5.9552464,7.746012,6.028854,4.430943,2.900654,6.931505,2.946996,5.008687,6.187835,6.833115,5.330271,8.290097,2.981865,4.871205
7.0684325,4.8725836,5.1243352,3.298984,4.740296,6.317525,7.2432232,8.037938,5.726596,4.746606,3.149537,7.89241,2.974157,5.4739425,5.650264,5.875288,6.157565,8.782037,2.89132,6.084878
6.1434505,5.8462336,4.968299,3.2307145,4.670887,6.035468,5.9421594,7.465924,6.873572,4.227632,2.808108,7.194714,3.142944,5.168748,5.741413,6.330839,6.58737,8.124035,3.131269,4.8806965
5.298342,5.5603628,5.5990278,3.8208875,4.900988667,6.241696333,5.5243254,7.97135,6.501085,3.901635,3.017278,7.358537,3.015445,5.306975,5.471824,6.476375,6.549697,9.025774,2.764535,5.723414
6.6836645,5.1811942,5.7882244,3.313942,4.076706667,6.309715667,6.8408386,8.831222,6.359426,4.213652,2.989771,6.839248,3.056594,5.486403,6.828441,5.477122,5.776628,8.966668,2.869115,6.3749
6.6192285,5.237394,6.385904,3.1774375,4.243307667,5.839380667,6.902238,8.311251,6.583526,4.451087,2.974665,7.268174,3.340869,5.492867,5.232501,5.325142,6.449968,9.326413,2.862016,7.7687625
5.7049365,7.183299,5.869748,3.512687,4.730326333,6.849739667,6.406681,7.910525,6.335857,4.870805,2.961883,7.184702,3.077289,5.074822,5.131628,5.912605,6.457188,9.137305,3.144149,5.3467325
6.5304375,6.0565922,5.9545244,3.4007355,4.636143,6.043550667,6.8280574,7.981672,5.595282,4.178997,3.055636,6.824316,2.653349,5.155814,5.559659,5.8886,6.903625,8.837196,2.964968,6.51128
6.586601,5.5853,5.8632782,3.263329,6.295046333,6.086292,5.6859532,7.591481,6.355719,3.91864,2.74557,7.165293,3.214744,5.344861,5.520835,5.629257,7.316425,8.674088,3.121864,6.281575
5.8307055,5.4188784,5.169567,3.223233,4.416612,6.752554667,6.6210172,8.438982,6.433092,6.452434,3.227688,6.824818,3.325536,5.0333655,4.762782,5.770636,7.05038,8.396054,3.138503,5.946125
5.7688305,7.1326164,5.8756004,3.2435885,4.311817667,5.742067667,6.4851002,8.806976,5.320747,4.254204,3.087409,6.129973,3.199538,5.7871565,6.043161,6.421392,7.392213,9.086016,2.926696,6.349515
6.3049,5.4312064,5.6603102,3.2253185,4.936976,7.295299333,5.9210324,7.700152,6.000448,4.458294,3.023615,6.788374,3.196311,6.1365945,5.358768,4.525199,6.958376,8.261772,4.183618,5.5189875
7.470556,6.2926296,6.1396504,3.305573,4.677119,5.951173667,6.4892032,8.629633,7.279506,5.706473,2.756089,7.404247,3.431223,5.3579915,4.765993,6.134219,5.753676,9.124328,2.788447,6.6581245
6.4206405,6.3979396,5.9323906,3.7017205,4.661368,6.195878,5.9638412,8.214398,6.89467,4.450299,2.895623,6.771287,3.233766,5.7220545,5.190086,5.502261,6.844297,9.050338,2.821964,5.8679225
6.547542,4.810614,5.4832574,3.8303395,5.445371,6.631598,6.5092062,7.656628,6.483771,4.220825,2.760697,7.005117,3.288142,5.746889,6.584946,5.777335,6.788871,8.414785,3.009204,6.3058555
6.6603075,4.7295074,5.6062202,3.34948,4.38279,6.508676667,6.333596,8.099443,5.863829,5.136337,3.211646,6.387892,3.001875,5.5103245,6.216179,5.841365,5.924669,8.547215,4.855312,4.977116
5.610981,4.869777,5.238953,3.1234165,4.641933,6.670251,6.1796554,7.425041,6.810254,3.993789,3.433822,7.083095,2.854013,6.2293555,4.865611,5.721443,6.883951,7.381484,2.812434,8.330641
5.395089,7.1371324,5.7658088,3.196176,6.033063,6.401885667,6.2543552,8.144375,5.339344,4.851347,2.816792,6.770036,3.122225,5.0480025,5.20756,7.61791,5.70702,8.586791,3.135617,5.3352975
6.968454,6.3083112,5.5204776,6.0067345,4.422799333,5.955511333,6.0983486,7.371904,6.919667,4.845978,2.923393,7.519874,3.012832,5.598051,5.898637,6.202291,5.898139,9.261115,2.771473,5.3993855
6.932998,5.8195988,5.7929976,3.2145495,4.813107,5.664432333,6.2704406,8.682646,6.06173,4.693141,2.785759,7.055279,3.399106,5.569052,5.423638,6.94336,6.854808,8.927792,2.767232,6.6582605
8.1387175,7.0885548,5.3239038,3.1127615,4.535703667,7.065930333,7.1470072,8.470215,6.629425,4.45707,2.984391,6.83778,3.272171,5.3595005,5.390176,6.04479,5.899854,8.726576,2.7752,5.2299315
6.4749225,5.4133626,5.1080582,3.093692,5.568014333,6.646708667,6.1596266,8.342826,5.677308,3.856691,2.980483,7.172923,3.094018,5.5992815,5.635846,6.713631,6.951228,8.596798,2.823984,5.792512
6.3635645,4.67323,5.5254542,3.2493795,5.546778333,6.705663333,7.0517586,8.17799,7.729314,4.267023,2.877307,6.679548,3.218131,5.496781,5.28651,5.473194,5.888377,8.434263,3.097863,5.663017
5.315584,6.052811,5.5595068,3.7198785,4.874190667,6.136732667,5.6632726,7.637167,7.543312,4.395364,2.957988,6.439194,2.879337,6.35662,6.316269,5.665485,4.382176,7.75482,2.744907,6.4677095
5.8020765,6.1728944,5.4830792,3.329599,4.667646,7.291842,6.740156,7.517052,6.404379,4.706055,3.357195,6.316537,3.179361,5.455157,5.231657,6.340043,7.070054,8.745603,2.991877,5.647804
6.2502145,4.258497,5.7003946,3.2627885,4.160481333,6.030108333,6.7535934,8.324873,6.72892,4.586434,2.938749,7.006204,3.17629,5.0718535,6.000976,4.621511,6.746498,10.068472,2.849362,7.8182195
7.304518,6.6131142,5.5205148,4.124992,5.274452667,6.275381,5.8697692,8.181474,6.84281,4.393288,2.941083,7.056438,3.104824,5.4036195,5.80403,5.474833,7.183297,8.491956,5.048948,5.715968
6.4705855,4.9265412,5.1846488,3.6375625,4.645626667,6.882339,6.5179784,9.179487,6.80358,4.029527,2.989242,6.412229,3.193168,5.196896,5.0664,5.08155,6.085233,8.298068,3.071294,5.4959425
6.5577895,6.272929,5.4481754,3.6031875,4.379528,5.506764,5.8675226,7.305232,6.607738,4.086624,3.113753,7.073979,3.164784,4.802328,4.934236,7.984816,5.990157,8.588339,2.688409,6.6421375
6.7511425,4.8780442,5.758129,3.6411325,5.091521667,5.189837,6.4879598,8.204424,6.417472,4.531784,2.931024,8.451214,3.338662,5.226178,5.575097,5.620683,6.92032,9.170201,2.802311,5.9573765
6.334936,7.0653752,5.1064522,4.6568785,4.440029667,6.600400333,6.1613988,7.869111,6.754584,5.691305,2.828858,6.807666,3.164326,5.5111635,5.181169,4.761293,7.239501,8.411982,2.893599,5.757335
7.146893,5.1037634,5.3718086,3.21163,5.731388,6.176614,6.0660484,8.577172,6.515307,5.157221,2.957686,7.020268,3.30659,4.8129835,5.010396,6.093799,7.048935,8.91293,2.860882,5.318031
5.42314,5.5947624,5.8181936,3.8404265,4.905198667,6.096121,6.4562668,8.920117,6.038824,4.866985,2.83826,5.785235,3.433895,5.114569,4.92096,6.168545,5.294661,9.057747,2.900433,5.604526
6.343584,5.7052072,5.4902148,4.326086,4.370194,6.373236,6.8424416,8.74776,6.599727,4.300508,2.963651,6.583505,3.251365,5.5109175,5.686766,7.147222,6.409213,8.561373,2.96674,6.030685
7.125053,5.7668696,5.4323248,3.202912,5.058314333,5.839642333,6.0726664,8.41005,5.885323,4.161188,2.785674,7.497469,2.875623,5.202114,5.00035,4.463378,6.385119,8.759838,2.910281,5.7045385
6.122737,5.4192836,4.673595,4.6785975,5.291250333,6.279313,6.1054334,7.296641,5.535256,5.645391,3.099888,7.010916,3.031521,5.0551145,5.269443,6.021527,5.584739,8.859938,3.050154,4.851246
6.351718,5.4047746,5.3431758,3.1696935,5.302471,5.693439667,6.3143914,8.233399,6.525669,4.884266,3.072565,7.508608,3.055692,4.9570125,4.829195,6.404518,5.794914,8.704316,2.768371,6.1714975
6.216973,4.548812,5.0505106,3.915093,4.499015,6.284727,6.055144,7.303323,6.540499,5.371105,3.141426,7.586657,2.944089,5.580742,5.970414,6.268013,6.700452,9.362812,2.814205,5.813946
4.5558665,5.5524662,5.3182152,3.2154095,4.800831,6.257217667,5.4200504,7.808887,6.440167,4.245278,2.840946,7.319186,3.064753,5.112506,5.076622,8.390632,6.753099,7.377503,3.059894,5.204409
7.6475245,6.2587342,6.1796526,3.306119,4.676152333,5.972345,6.5854028,8.687632,7.321249,5.269592,2.715006,7.3472,3.681111,5.4802995,5.071541,6.100349,5.726421,9.236636,2.851852,6.726246
6.286044,4.5185346,5.5480964,3.1492355,4.882907667,6.170458,6.221986,8.502792,5.747104,4.17973,3.049179,6.455912,3.188564,5.4791655,4.882952,5.47344,7.088445,8.532475,2.687215,5.496634
7.0360365,4.3612518,5.645864,3.249577,4.277373,6.309959,6.5033926,8.875337,6.255806,3.979447,2.770652,6.752779,2.958492,4.953083,5.177525,5.726837,5.784754,8.766271,3.089126,5.5527765
5.2473095,5.798754,4.602229,3.436963,3.926818,6.041275333,5.7714556,8.403892,5.798662,3.948536,3.166677,6.934007,3.380931,5.850538,5.341908,5.356618,6.236412,6.732061,3.01219,5.0628045
6.5920955,5.0955074,5.7147664,3.1298255,4.594751333,6.616357,5.4918614,8.886709,6.370298,4.874636,2.903362,6.727067,3.093209,5.840925,6.431013,5.575359,6.963148,8.223939,3.042557,6.51686
6.4441805,5.0962236,5.5915278,3.9860245,4.71691,6.185998,6.4209928,7.767425,6.386039,5.910777,3.197119,7.794961,2.955793,5.1887445,6.710525,8.697874,6.33395,9.002379,2.794567,5.5498875
6.722959,5.2382148,5.7967056,3.664259,4.988296667,6.079441333,5.8400582,8.514217,5.853825,4.217183,2.754861,7.116663,3.125684,5.2560515,5.583397,5.668424,7.257972,8.77877,2.69148,6.253854
7.8330925,6.4738566,5.8494752,3.8863035,4.853688,6.302834,6.1095158,8.469969,6.307611,4.54633,2.937923,7.783186,3.027583,5.5416625,6.226529,5.561656,6.699428,8.990165,2.704435,6.6227525
6.3411645,4.1504254,5.6492134,4.129375,5.079441667,6.540384,6.2378654,7.517068,6.22869,5.959972,2.898646,7.443958,3.087807,5.2591095,6.120865,6.906324,5.92215,9.051082,2.772911,5.081727
6.1761275,4.7851076,5.5591228,3.17437,4.912714,6.687447333,6.6971796,8.726062,6.180934,4.105639,3.091848,6.452674,3.406443,5.1759595,6.532244,4.909478,6.068193,9.103169,3.017069,5.8375945
6.8682085,4.3716346,5.440081,3.3733915,4.607425333,6.345369667,6.7838882,8.681161,6.493351,4.185687,3.363251,6.208201,3.639008,5.557446,5.314471,6.45481,5.609021,8.550338,2.867614,5.5515485
6.915864,4.4093054,5.5082408,4.2798035,4.9207,6.428317667,6.4242186,8.004083,6.366264,5.054746,3.011823,7.372358,3.118821,5.299733,6.340794,6.144558,6.50739,8.639109,2.835322,5.29082
5.5887005,7.3708604,6.138425,3.3235795,4.948928667,6.603501333,5.6634478,7.622924,6.322994,3.892987,3.049389,7.401501,3.082173,5.1798735,5.613658,6.153702,6.345585,8.735365,2.928465,5.782604
6.193837,5.2605112,4.8925748,3.840001,4.351030333,5.677890667,6.0229694,8.269932,6.502029,5.903556,2.802536,6.725287,3.136973,5.1940945,5.783041,6.145476,5.900102,8.757717,2.839496,5.6850055
6.585359,5.2881016,5.4892954,3.3649265,4.217637,6.636657667,5.9028224,7.386965,5.943299,4.085369,2.769941,7.554373,2.842118,5.1853555,5.320834,4.901026,6.997337,8.551062,3.015015,5.164127
6.3645855,5.5818272,5.4235142,3.777665,5.301927,6.217292667,5.7625792,8.069314,7.045982,4.771873,2.978442,6.299498,2.995206,4.9676595,4.981651,5.193884,6.496045,8.289575,2.742382,5.1022605
4.61693,5.3892454,6.3300338,7.0368915,5.27677,5.869445667,5.9925214,8.202767,3.988365,3.94993,5.455061,7.219165,3.288381,3.977655,6.106305,8.64909,6.095498,9.26417,2.93759,5.1498715
5.781169,3.9916832,5.542186,3.475042,4.035808,6.316144,6.0607676,7.603157,6.350103,5.733421,3.116672,6.892225,2.975188,4.808893,5.913113,5.217257,5.103506,8.578293,2.912628,5.162492
6.325655,5.0195574,5.3962602,3.846029,4.706283667,6.077668,6.2128618,7.831182,6.061754,6.670271,2.863475,6.549517,3.205897,4.8237865,5.958594,5.771562,6.139341,8.78044,4.970693,5.9433585
6.6778415,4.2699088,5.542991,4.737022,5.019005333,6.341818667,5.834714,8.028154,6.122045,4.811035,2.976849,7.596706,3.047821,5.1557905,7.281224,5.349983,7.32365,9.150233,2.879764,5.810552
7.5015055,3.832272,5.4755164,3.2772445,5.577308,5.762408667,6.0621034,8.341977,6.833982,4.485032,2.87857,6.897333,3.012345,4.976675,5.677585,5.792059,6.075686,7.895031,2.816632,5.5788475
5.730141,8.2380774,5.881112,3.039934,4.870762667,5.798188333,5.928932,8.044975,5.326595,4.328883,3.021183,7.094387,3.185035,5.3625085,7.929821,5.837399,6.304968,8.238492,2.869051,5.89228
6.546503,7.0494554,5.6556814,3.7107525,5.137705667,5.89786,5.739929,7.004589,6.766443,5.672775,3.237038,7.331846,3.154644,5.4082875,5.281939,4.758647,5.267753,8.606138,2.88322,4.732141
5.9328395,4.4827182,5.5512396,3.366604,4.209627667,6.512201,6.2510364,8.258606,6.013466,4.805385,3.266451,6.687146,3.267146,5.6558,4.879204,5.442523,5.629475,7.986884,2.960523,7.5643095
5.7180245,5.0206836,5.7188084,3.10163,4.523807,6.282173333,7.1460208,8.663564,6.290122,4.8991,3.104924,6.574893,2.850773,5.4090615,5.762439,7.340814,5.947834,8.580897,3.174641,6.592931
5.2932915,4.4395766,5.3957444,5.87767,4.693508667,6.605596667,6.110039,8.070275,6.14659,5.602812,3.241053,7.183543,2.997944,5.2609145,6.022297,5.236071,6.709647,8.154089,2.808674,5.772376
7.257593,5.1501894,5.512,3.9104515,4.547571333,5.997067,5.8219288,8.391898,7.160888,4.416543,2.913944,6.771032,3.058326,5.4309,5.385538,5.919679,6.538704,8.676072,2.979314,7.7406925
5.949617,5.805422,6.0386008,3.3303845,4.451478667,5.961088667,5.3998898,7.741217,5.896161,4.284859,2.898437,7.634161,3.254324,5.47047,5.776388,7.068267,6.151858,8.737388,3.26792,5.481925
6.666716,4.6488108,4.875272,3.3173705,4.611632667,6.001666333,6.4278524,7.585927,6.41554,4.716515,2.807194,7.190785,3.248706,5.012193,5.686258,6.223075,7.148335,8.540926,3.100008,5.25022
7.0201735,5.0258668,5.0442426,3.204576,5.707304333,5.330635667,5.6749816,7.920802,6.486052,4.261614,3.182919,6.686217,3.004146,5.0194705,6.082876,6.046239,6.129792,8.792258,2.918245,5.599201
6.1442875,4.7887652,5.6820488,3.875566,4.543612333,6.675179,6.7522068,8.394111,6.284128,4.200955,2.659832,6.884942,2.894796,5.256707,5.103173,6.639461,6.854063,8.930126,2.856803,5.63104
5.692644,6.1950314,5.5688618,3.5102605,4.718018333,6.078659333,7.4500296,8.097583,6.422231,4.863268,3.298217,6.767959,3.792911,5.671061,5.688394,6.301787,6.547849,8.743964,3.189189,6.040645
5.556596,5.8424072,5.3005822,3.266303,4.247538,5.234776667,6.0403824,9.268637,6.446531,4.97318,3.198015,7.123382,3.361893,6.2462645,5.494077,6.201566,5.408409,8.560392,4.236218,5.797262
7.021168,4.3039502,5.3063556,2.963275,4.37924,7.030855,6.4389238,8.394696,6.693351,4.591379,3.143375,6.409106,3.52537,5.4641815,5.369088,5.856686,6.813165,9.177128,2.887462,6.0063815
6.7011885,4.6957418,5.9332498,3.5276585,5.559530667,6.167310333,5.925123,7.525696,7.400919,4.676778,2.85609,7.179427,2.881454,5.001596,7.03228,4.967515,6.277743,8.610108,4.025465,4.8687975
5.9111615,5.423206,5.7409396,3.255368,4.353831333,6.235161667,5.922857,8.306291,7.328653,4.578296,2.986886,6.829886,3.338882,5.5001215,5.92017,7.796796,5.268544,9.050418,3.431807,5.293645
6.605446,6.5840904,5.2900308,3.354541,5.003791667,6.190037,5.4050008,7.599467,6.85633,3.524214,3.122016,7.622695,3.232534,5.6386515,5.728738,4.380951,5.820846,8.170718,3.020389,6.0465995
6.1893535,4.597204,5.1803428,3.433501,4.613282,6.292508333,6.4324762,8.161015,6.704891,5.312398,2.998318,7.004431,3.369826,4.7381895,4.865679,6.173477,6.644574,8.976065,7.357614,5.5123025
5.878409,4.8223922,5.9090786,3.2921175,5.685504333,5.9198,6.85254,7.750509,5.306488,3.873041,2.885292,7.427233,3.116724,5.0884705,5.532044,4.635824,7.157248,8.804695,3.44505,5.360816
7.091211,8.5741776,5.2467888,3.2777585,4.607264,6.247220333,6.0594408,7.88964,6.525741,4.462674,3.116006,7.399544,3.453339,5.447448,5.727788,6.169313,6.176472,8.4915,3.058049,6.058686
6.3104135,4.179295,5.8691636,3.659681,4.55148,5.686830333,6.0616166,9.01399,6.812719,4.643518,3.036884,7.144367,3.105999,4.2969915,4.930482,5.52778,6.888012,9.264255,2.746573,5.436126
6.2590465,6.7454092,5.5201206,3.3271925,4.249999667,6.086232333,6.130033,7.305665,5.673205,4.706959,2.857091,6.673791,3.178953,5.5988545,6.328229,5.576633,5.535142,9.600685,2.7394,4.848481
6.613906,4.3668102,5.3026474,3.2086295,4.599744333,6.504222667,6.8305,8.69473,6.182598,4.787293,2.970717,6.522786,3.216945,5.2365995,5.200551,5.676951,6.883323,8.280593,2.96879,6.839247
6.233182,4.452908,5.0307874,3.236121,4.809212667,6.553221667,6.3117866,8.709273,6.170126,3.924609,2.88224,6.22898,3.175093,4.802924,4.78722,5.050788,7.489499,8.324356,3.245172,5.323889
6.513869,6.0421368,5.7109134,3.165108,4.865038,6.038729,5.5674598,7.711773,6.467459,4.368541,3.079013,7.2023,3.10543,5.517549,5.795413,5.340869,5.93918,7.759935,2.697566,5.57129
6.711728,5.002896,5.8571202,3.296917,4.681620333,6.310289333,6.7705738,7.842916,5.776495,4.042673,2.851053,7.200368,2.956413,5.818603,7.086734,7.117487,6.616391,9.072981,2.942978,6.243148
5.258594,4.7908166,5.6926376,4.0957345,4.860683667,5.410772667,6.4810126,6.87239,6.699628,5.143162,3.12929,7.676929,3.311855,5.6475575,6.401383,5.796116,6.628665,8.59396,3.149184,5.9911685
6.871608,7.0121742,5.454436,3.137279,4.419066,6.855097333,6.0770054,7.593726,5.81428,4.889534,2.981463,7.039376,2.989804,5.302457,4.57636,5.008543,5.929431,8.841174,3.37314,5.7227275
7.0613905,4.0589374,5.7346792,3.927796,4.903163,6.376157,6.63845,8.376736,7.101019,5.032953,3.100739,7.145985,2.913249,5.3209245,5.224178,5.428954,6.533938,9.56055,2.957872,5.57549
5.7305445,6.1863214,5.793724,3.31765,4.739672333,6.906295,5.6054146,7.796356,5.912665,4.613898,2.967203,7.097691,2.908354,5.99696,4.716356,5.306012,5.504589,8.560628,2.769851,7.370817
6.626057,6.4625588,5.817014,3.0222035,5.375322667,6.533553333,5.542268,8.897594,5.165431,4.3159,3.270023,6.635845,3.432158,5.7480665,4.959157,4.825367,6.351083,7.742168,4.727732,5.5038295
5.2131635,5.207266,5.6925906,3.2145445,4.737386333,5.948982333,5.8549888,8.354515,5.86285,4.69634,2.667578,6.193454,3.354036,5.3959135,5.343111,5.337877,6.418511,8.943184,3.530523,5.6957585
5.740242,6.7538068,5.556084,4.978921,3.840928333,5.123753333,6.7370216,8.061132,4.876901,5.421827,3.079317,7.477524,3.102203,5.732596,6.77672,5.598477,6.443482,9.094966,3.037192,5.4369385
6.5329,5.1604106,5.1771956,3.6056705,6.225043667,6.226593333,6.3316048,7.998435,6.108128,4.037748,3.151373,6.487956,3.237418,5.659163,5.610618,5.765894,4.941039,8.651511,2.77537,5.7135775
6.5333325,5.326317,5.5413588,3.389535,4.261080667,6.805077,6.0117524,8.363675,6.485596,4.873344,3.276185,7.235621,3.008927,5.2971035,5.063638,4.953526,5.315941,8.726146,2.825669,6.132311
7.018205,4.1132634,5.5213182,3.5489855,4.945413667,6.254561667,6.0657658,8.019497,6.907746,5.774142,3.073609,6.809186,3.100725,5.421601,4.944009,6.633863,6.972317,9.511484,3.138948,5.5890685
6.0307635,5.3164134,5.4393316,3.279296,5.151826,6.31391,6.0131134,8.049595,6.884505,4.822352,2.949889,7.212851,3.723058,5.0378665,5.635135,6.37871,5.937706,7.709721,3.085013,6.4789565
5.7997955,6.425453,5.920554,3.241359,4.670763333,6.458338333,5.7824854,8.257387,7.576948,4.414202,3.158892,7.403159,3.3791,5.4117795,4.903655,6.469681,6.138404,8.893726,2.949902,7.3826125
6.314667,6.7137252,5.6401238,3.21648,4.999844667,5.744530667,6.8497594,8.357365,5.643908,4.269943,2.890282,6.41154,3.013514,5.0982525,6.117207,6.033831,6.645914,8.7771,2.903212,5.176848
5.9675565,4.3898654,4.9348352,3.230896,5.411161333,6.766964,5.472879,7.576413,6.288957,4.643777,3.029674,7.280216,3.585201,4.943292,5.338441,7.411268,5.62143,7.950237,3.037432,4.494107
6.1235065,4.8032712,5.5771966,3.3817915,5.764939333,5.593973667,6.6960356,8.261567,6.309312,4.910966,2.677458,6.981857,2.955033,5.4462115,6.444446,5.697911,5.980016,8.174456,3.055315,7.262851
6.7707455,4.7849334,5.3249388,3.4722325,4.690247667,6.206667,6.7369318,7.975266,6.537817,4.61631,3.002252,6.70218,3.006606,5.322454,5.845932,5.911172,6.698801,9.054044,2.911578,5.277572
5.959016,5.1335348,5.4240822,3.335537,4.549051,6.513621,5.9643358,8.387611,6.006503,5.29165,3.34727,7.133237,3.017133,4.9339725,5.691635,6.935696,5.334518,9.572673,2.753464,5.4431585
6.160168,4.7133102,5.3147826,4.8168485,4.920479333,6.678825,6.3004946,7.358373,5.824765,4.486077,3.006278,7.020793,3.067042,5.189473,5.510948,6.306984,7.045455,9.332771,2.820645,5.404314
6.722369,5.907183,5.3547076,3.406908,5.597912,6.296914,5.596946,8.2708,5.557743,3.890741,2.96457,7.376508,3.379502,5.6710895,5.507658,5.815532,6.65452,8.260584,7.565894,5.7949455
5.622754,6.968715,6.0861852,3.1113995,4.752667333,6.879369333,6.274462,6.980165,7.014276,4.617367,3.149128,6.627106,2.883182,5.699597,5.316064,6.983338,5.690866,8.463008,2.828992,5.68726
6.5600375,5.8314846,5.9636118,3.5512625,4.468906333,6.186753,5.8371098,8.135456,6.269722,5.591301,3.109701,6.895275,3.325061,5.370646,4.952136,5.055705,6.649331,8.529466,2.754015,5.340449
6.3399265,5.1910108,5.5490612,6.414197,5.507712667,6.466574667,5.914481,7.707868,6.265289,5.108732,3.106126,6.90509,3.437193,5.462251,5.65412,7.256859,5.599248,8.478053,3.013445,5.310192
6.4467635,3.650446,5.7066304,3.514631,4.468854333,6.148406,5.6939444,8.090084,6.629585,5.031798,3.463934,6.719365,3.190671,5.6097995,6.352069,4.521838,5.774903,9.20446,3.044183,5.0482155
6.106887,4.4096704,5.5635932,3.454917,4.558727333,6.202274667,6.114173,7.971884,6.924029,5.020716,2.85965,6.386795,3.176423,5.102667,6.104429,6.222486,4.979622,8.137218,4.92915,4.8199885
6.385828,4.358796,5.8105986,3.176448,4.366967,6.443719667,6.6292998,8.591306,6.139787,4.764194,2.869754,7.001956,3.276929,5.054623,5.183814,5.531619,6.809026,8.566232,3.527254,6.779632
6.7051185,6.838924,5.083675,5.92336,4.706337333,6.196328333,6.7382518,8.38317,6.725518,4.278789,2.614068,6.458326,3.423087,5.250828,4.652706,7.187289,6.214979,9.024414,2.93533,6.0366345
5.6570905,4.8025378,5.6610058,4.077254,4.887387333,6.321329333,6.0747662,8.019567,7.155652,5.285668,3.024619,7.388173,3.117082,5.469368,5.373783,5.43469,7.170861,8.893608,4.494194,6.8096755
6.6762925,4.4720676,5.7129844,4.0250495,4.791355,5.892741,6.664455,8.00712,6.139268,4.887385,2.855865,6.988279,3.111075,5.1675695,5.589538,5.749514,6.683544,9.241239,3.110217,6.154684
6.605306,5.9628654,5.620367,3.8832645,4.915232667,6.082495667,7.2196962,7.520386,6.197943,4.222,2.776894,6.797528,2.862291,5.2140195,6.09228,5.445611,7.472584,8.587082,2.932032,6.4058435
7.076799,4.5111226,4.8417406,3.1432055,4.709721333,6.064002333,6.3342148,8.081372,6.653992,4.108834,3.217335,6.65299,3.008942,4.78168,5.112937,5.874132,6.873517,8.966487,2.774448,5.2543955
5.144944,4.5931368,5.3908702,3.3839805,4.914018,5.685823,5.822166,7.259113,5.611373,3.740571,2.857185,8.271223,3.005234,4.8584875,4.594725,6.38068,6.172363,8.336411,2.872466,5.7497385
6.8905175,4.4747698,5.2967864,3.346061,5.327442,5.550643333,6.6965022,8.234173,7.08303,4.564018,2.891217,7.014734,3.76246,5.483358,5.895317,5.954075,6.53174,8.75337,2.887863,5.7213245
6.0430715,4.5129794,4.9243642,3.103569,4.919838667,6.012971333,6.2928422,7.495198,6.428676,6.486318,3.252151,7.1288,3.398575,5.1171385,5.439846,5.066298,6.941473,9.176565,3.133729,6.114206
7.426925,4.5029576,5.3302696,3.1442665,4.488995333,6.629947667,5.7370018,7.74809,7.014289,5.686132,3.132379,7.192344,3.10452,4.99018,4.446597,5.636286,5.863091,8.408199,3.096512,5.492338
5.7640885,8.1225792,5.7967244,3.500936,4.437149667,6.110811333,6.3696018,8.165641,7.912343,4.760071,3.088528,6.619884,3.285977,5.9505635,5.059824,4.700843,5.572306,8.117751,3.180086,5.8199605
6.009731,6.1182968,5.839799,4.0441025,4.906267667,5.723607333,6.825322,8.252779,6.505746,3.966309,2.802327,6.716073,2.820515,5.080162,5.40253,6.546199,6.984235,9.457739,2.818048,5.6624615
6.662556,7.2674966,5.6384818,5.6894755,4.503973667,6.439546667,7.0742784,7.845484,5.431922,4.409501,2.856361,6.731558,3.133341,5.416885,6.092566,7.047972,5.690817,8.789089,3.016013,5.8737125
6.975018,5.0087414,5.4510946,3.554281,5.550821,6.388145667,6.4856154,7.850809,7.036087,4.595054,2.915654,6.65701,3.068514,5.1366835,5.032726,5.915944,6.793834,8.83576,2.833458,5.7016375
6.5460295,4.578687,5.5548354,3.3217345,4.637131,6.309945667,6.6540838,8.749583,6.133387,4.263049,3.016225,6.898058,3.275279,5.9278845,6.709739,6.318943,5.87184,8.541853,2.964169,6.9818205
7.512427,5.5025962,5.6166098,3.1497945,5.292267,6.555668,6.0750702,8.656698,6.348975,4.411931,2.77823,6.860509,3.170115,5.1401645,5.344448,5.591622,5.337403,8.880072,2.911312,6.7147085
6.2997575,4.864771,5.28059,3.1927445,4.599802,6.560021,6.8405462,7.926554,5.082896,5.513997,2.85739,7.536927,3.091171,5.4630835,5.734169,6.885247,6.578022,8.262842,2.988629,5.2693885
6.6210325,4.0154434,5.3263096,4.2118095,4.197102667,6.846127,6.3243456,7.943588,7.027802,4.30122,3.189757,7.982636,3.347314,5.683112,6.93937,5.724794,5.2459,8.359322,2.897929,5.610509
6.073545,4.2060484,5.185972,3.3993865,4.361215333,5.761059333,6.0690928,8.081574,6.482516,4.527474,2.972891,6.492174,3.110324,5.2354925,6.878475,5.687081,6.032451,8.491129,3.158837,6.211598
6.2411645,6.3909784,5.6418502,4.47971,4.913782,6.270020667,6.4582992,8.205643,6.378126,4.002014,2.960993,6.935524,3.074739,5.5474815,5.840192,6.664953,6.468675,8.948175,2.807454,5.3178045
5.8159235,5.3148538,5.383023,3.2228775,5.158363333,6.023827667,5.7510176,7.989059,6.527897,3.732828,2.941587,7.05852,3.273825,4.843584,5.513303,6.568352,6.763652,8.045976,3.032295,6.102816
6.4933735,6.43188,5.663413,3.557696,5.066811,6.854704,6.7588718,8.965328,6.0968,3.931673,3.562169,6.826117,2.876345,5.372997,4.725524,5.513637,5.891215,8.498584,2.938606,5.865211
5.4844275,4.4004722,5.341083,3.2523935,4.591572667,6.952790333,5.5814486,7.442718,5.924794,5.362205,2.977701,6.892997,3.218831,5.5738935,5.283612,6.650033,4.671353,8.115873,2.997606,4.861426
7.048383,6.399838,5.7342362,3.3447595,4.397154333,6.301904,6.9841554,8.625083,6.464037,4.426937,3.048086,7.349321,2.9914,5.0867785,5.157791,5.701054,7.086138,8.905587,2.919216,6.8204905
6.1469445,4.2856876,6.1513126,3.2677575,5.600278333,6.401236,5.4924206,8.061969,6.642451,5.673386,3.203206,7.563493,3.61117,5.8395475,6.435566,4.958515,5.730983,7.455037,3.060354,5.9523945
5.995108,5.153816,5.5287596,3.3047875,5.181386333,5.640118333,6.2397158,7.755449,5.565012,4.148952,2.971834,7.232905,2.98409,4.9187955,5.650582,5.62479,6.616365,8.994488,3.08569,4.877743
5.2950035,4.508308,5.8810242,3.3721955,4.963657,6.289791667,6.145292,7.589204,6.407131,4.157151,2.936721,6.318477,3.730733,5.593104,5.754348,4.992901,6.776117,8.261701,2.86026,6.603936
6.263819,5.2227664,5.5199638,3.6682515,4.839349,6.287079333,6.5475768,8.306021,6.43166,4.800424,2.913816,7.022642,3.031494,5.101473,6.116343,6.354021,5.956911,9.230569,5.027907,6.1422365
6.536149,3.8860998,5.6751416,3.638159,5.228657667,6.043088667,6.5794768,8.179759,6.135619,5.259238,2.976977,7.114539,3.276407,4.7452085,6.652959,5.328983,6.567286,9.451596,2.917719,5.3224435
5.889841,6.1896476,5.8159704,3.5411865,4.224078333,6.803716,5.6746018,8.52716,6.71217,4.275719,3.057558,7.289834,3.350825,5.5609285,6.071856,7.184723,6.915589,8.790056,3.176391,6.1949465
5.5382805,4.6412122,5.7365038,3.361387,4.641529,6.307245,6.7547024,7.922794,6.309468,4.32789,2.814452,6.249085,3.265435,4.7421325,5.57883,6.147969,7.605778,9.583516,2.812652,5.1055025
6.554795,5.2459378,6.1032116,3.2896105,4.635632333,6.112599,6.1755184,7.205623,6.421914,5.916786,2.971738,7.048574,3.23056,4.990079,5.684508,5.247786,5.478358,8.981358,2.84469,5.310963
6.0449025,6.0658836,5.456141,3.659974,5.381874667,6.321901333,5.6773892,8.188824,6.513762,4.270283,3.380742,7.953406,3.574372,5.3897635,5.914235,5.011281,6.653542,7.831417,4.255812,5.8551185
7.2756545,7.659959,5.8573982,4.32625,4.561936667,6.649508,6.1457854,7.737126,5.897441,5.181335,2.910608,7.27216,3.046393,5.3392525,6.736601,5.053363,6.868308,8.904677,2.784489,5.7406625
5.499508,6.0595618,5.593725,3.9527405,4.722147333,6.560072,5.8350882,7.985815,6.74473,4.090277,3.219038,7.285016,2.853164,4.5913765,4.501178,4.882838,6.301212,8.814158,2.713736,5.177206
6.781975,6.7680086,5.8887212,3.339947,4.931453667,5.956601333,6.4231598,8.038845,6.241822,5.747223,2.831477,6.6123,3.139557,5.2863935,5.49982,6.000315,7.35828,8.984804,2.816882,6.321895
6.1759585,4.8470456,5.0285732,4.4403255,4.413822333,6.025556667,6.414374,7.691719,6.874824,4.316834,3.009367,6.898245,3.044363,4.938054,5.806089,5.604471,6.0608,8.521733,2.888536,5.307955
6.151308,4.4466536,5.3770466,3.8286515,4.914685333,5.953308,6.8720288,7.899365,7.276489,4.581626,2.81939,6.324661,3.03409,5.6511985,6.045941,5.907869,7.761201,9.489467,3.251274,5.931898
6.625452,6.1700044,5.7567088,3.243545,4.219461333,6.588315333,7.1675218,8.577256,6.737761,4.25915,3.31044,6.965913,3.188728,5.61742,6.575983,5.308046,7.977154,9.281171,2.961615,6.346057
5.838589,6.6196038,5.708251,4.30822,4.731495667,6.230869667,6.2710066,8.218274,5.560209,3.849496,2.907237,7.124654,3.021969,5.566613,5.804597,5.872673,7.653984,9.012348,5.165472,5.971246
6.7929375,4.008298,5.7866818,4.152529,4.239522667,6.216374333,5.6963056,7.769643,5.825898,6.822528,2.820072,6.316981,3.04278,4.7491315,5.138391,6.712795,6.40337,8.919382,3.049211,5.5432165
6.5242545,6.3195426,5.5129876,3.4009315,4.593484667,6.284973,7.1603322,7.791098,6.771276,4.446645,3.036932,6.134346,3.07485,5.975996,6.008094,6.330894,6.891653,8.875978,2.781621,5.317608
6.9251465,4.4113152,4.888938,3.7907195,4.456360667,6.604223,6.143144,7.542126,6.581402,4.4859,3.041999,6.746597,3.137928,5.4592525,6.057967,5.314647,7.464451,9.353047,2.927847,5.8523475
6.101177,3.5632202,5.1297652,3.182842,4.272186667,6.634977667,6.43861,8.38586,6.972402,4.121879,2.926183,6.627779,3.022207,4.95854,7.669777,6.080243,6.091117,8.451776,3.013818,5.5741525
6.1062105,5.325516,4.8815144,3.912647,4.785320667,5.872410333,6.1024864,7.674487,7.035586,4.217388,3.056161,7.227383,3.097815,4.99503,5.061467,6.17104,6.081216,8.927066,3.355747,4.9850845
6.810508,5.3361878,5.160981,3.294839,5.651965,6.300594333,7.2091512,7.583433,6.245183,5.475691,3.084832,7.432773,3.112894,4.8800235,6.019709,6.441269,7.703336,8.801155,2.854745,5.2135705
6.8500695,4.5120724,6.2033748,4.070529,4.637553667,6.520978667,6.3615814,8.502209,6.78758,4.421975,3.023785,6.267987,3.212692,5.028706,5.784432,5.05222,6.152077,8.468023,2.959209,6.308259
6.0589785,5.0780706,4.8707458,4.3554215,5.539852,6.576984,5.8472986,7.452313,6.411402,4.545626,2.958114,6.110886,2.810096,4.507527,5.137963,6.154057,5.237699,8.074337,3.230407,5.4957745
6.04619,5.4165306,5.4673308,4.6728095,5.015728,6.589701667,6.9706916,8.366883,5.69988,4.224214,2.866134,6.214117,2.999326,5.385898,5.941624,6.845261,6.456676,7.875407,2.984741,6.9394685
6.3436665,4.8132076,5.2232266,3.3540655,4.644398,6.490056667,5.6025594,8.021515,6.283145,5.472703,3.30624,6.880457,3.097175,4.719463,4.852622,5.676375,5.283354,7.867607,2.97119,5.4493565
